Platform,Party,Max Total Followers,Total Posts,Average Post Favorites/Reactions,Average Post Retweets/Shares
facebook,R,22404.0,325.0,108,35
facebook,R,57405.0,677.0,177,23
facebook,R,140238.0,57.0,2197,495
facebook,R,9376.0,89.0,118,18
facebook,D,19146.0,612.0,54,10
facebook,D,11086.0,317.0,137,15
facebook,R,147433.0,673.0,76,14
facebook,R,69133.0,1347.0,503,180
facebook,R,45163.0,568.0,148,26
facebook,D,21259.0,1409.0,102,9
facebook,R,8721.0,954.0,92,11
facebook,D,8354.0,1047.0,63,7
facebook,D,12601.0,264.0,72,17
facebook,D,51637.0,408.0,318,30
facebook,R,64427.0,584.0,198,22
facebook,R,35325.0,1651.0,48,15
facebook,D,227783.0,645.0,1016,440
facebook,R,27914.0,83.0,491,49
facebook,D,170627.0,602.0,438,54
facebook,R,40983.0,699.0,96,15
facebook,R,147926.0,1679.0,635,96
facebook,R,8328.0,378.0,120,15
facebook,R,6687.0,87.0,115,12
facebook,D,10568.0,279.0,80,19
facebook,R,77654.0,1527.0,82,45
facebook,R,56647.0,370.0,302,55
facebook,R,35115.0,359.0,177,26
facebook,D,163858.0,1751.0,448,84
facebook,D,53144.0,875.0,85,26
facebook,R,52824.0,533.0,231,74
facebook,R,28665.0,592.0,69,12
facebook,D,79667.0,325.0,265,30
facebook,D,23675.0,679.0,88,8
facebook,D,45552.0,1095.0,196,39
facebook,R,49197.0,686.0,129,31
facebook,R,40397.0,376.0,68,8
facebook,D,21126.0,1191.0,84,10
facebook,D,52066.0,1491.0,104,14
facebook,D,32702.0,401.0,82,7
facebook,D,2334224.0,1505.0,1424,155
facebook,R,47325.0,2930.0,178,55
facebook,R,66355.0,1159.0,194,55
facebook,D,39886.0,1408.0,235,54
facebook,R,38210.0,905.0,251,40
facebook,D,14727.0,585.0,99,10
facebook,R,32008.0,434.0,138,24
facebook,R,12780.0,2166.0,82,6
facebook,R,24402.0,1301.0,163,31
facebook,D,8331.0,896.0,93,13
facebook,R,21754.0,638.0,255,36
facebook,R,33819.0,1741.0,257,52
facebook,D,23097.0,321.0,179,29
facebook,D,46131.0,547.0,94,21
facebook,R,34349.0,1174.0,174,26
facebook,R,4445.0,402.0,42,4
facebook,R,7352.0,420.0,41,5
facebook,D,28763.0,1753.0,114,11
facebook,R,15492.0,483.0,215,31
facebook,R,67710.0,634.0,468,53
facebook,R,10618.0,57.0,372,113
facebook,R,23929.0,201.0,253,54
facebook,D,55448.0,398.0,425,49
facebook,D,37221.0,366.0,231,30
facebook,D,20215.0,477.0,105,11
facebook,R,14852.0,507.0,76,6
facebook,D,50538.0,660.0,117,25
facebook,D,20323.0,495.0,97,16
facebook,R,14294.0,513.0,77,10
facebook,D,153157.0,178.0,772,83
facebook,R,106603.0,1033.0,199,19
facebook,R,72825.0,1752.0,129,21
facebook,D,3183.0,367.0,77,15
facebook,R,43204.0,1095.0,62,14
facebook,R,27766.0,469.0,65,13
facebook,D,1287.0,661.0,23,2
facebook,R,524629.0,1359.0,442,71
facebook,D,7078.0,822.0,58,9
facebook,D,31789.0,340.0,173,26
facebook,R,12611.0,740.0,56,9
facebook,D,25214.0,1053.0,50,6
facebook,D,16765.0,965.0,55,7
facebook,D,21542.0,645.0,20,4
facebook,D,31110.0,991.0,113,16
facebook,D,25444.0,811.0,80,25
facebook,D,110423.0,456.0,826,104
facebook,D,29115.0,406.0,152,20
facebook,R,116591.0,1950.0,216,37
facebook,D,19085.0,241.0,84,11
facebook,D,22021.0,358.0,108,27
facebook,D,26545.0,839.0,217,50
facebook,D,64541.0,1445.0,275,46
facebook,D,23172.0,704.0,137,17
facebook,D,213538.0,751.0,292,43
facebook,R,12421.0,121.0,55,4
facebook,R,141166.0,1437.0,842,182
facebook,R,12023.0,151.0,180,35
facebook,R,399786.0,443.0,892,312
facebook,R,27596.0,1048.0,103,11
facebook,D,20794.0,616.0,37,5
facebook,R,3232172.0,2743.0,2451,569
facebook,D,37787.0,733.0,111,14
facebook,R,38948.0,469.0,153,24
facebook,R,38534.0,669.0,109,16
facebook,R,31556.0,419.0,356,163
facebook,D,17714.0,809.0,60,9
facebook,D,109210.0,1021.0,177,30
facebook,D,23474.0,919.0,117,9
facebook,D,45528.0,981.0,127,16
facebook,R,11838.0,715.0,48,4
facebook,R,13782.0,555.0,200,33
facebook,D,22454.0,1042.0,123,13
facebook,R,18895.0,839.0,162,88
facebook,D,17382.0,846.0,100,8
facebook,R,744347.0,1114.0,4112,1494
facebook,D,13194.0,1343.0,108,8
facebook,D,33898.0,1139.0,202,18
facebook,D,14244.0,1331.0,46,6
facebook,D,4469.0,1196.0,29,4
facebook,D,4409.0,73.0,35,6
facebook,D,45930.0,529.0,383,64
facebook,D,24713.0,975.0,134,19
facebook,D,31258.0,381.0,85,12
facebook,D,47971.0,2226.0,145,27
facebook,D,10187.0,688.0,103,14
facebook,D,152972.0,925.0,457,60
facebook,D,11122.0,416.0,89,13
facebook,R,31594.0,530.0,35,8
facebook,D,34485.0,279.0,131,20
facebook,R,55172.0,585.0,219,109
facebook,R,38432.0,993.0,213,57
facebook,R,67125.0,426.0,193,57
facebook,D,41148.0,1342.0,109,13
facebook,R,31914.0,736.0,241,20
facebook,R,34451.0,812.0,81,11
facebook,D,287905.0,1087.0,763,115
facebook,D,19318.0,1835.0,84,11
facebook,D,50486.0,1564.0,201,26
facebook,R,21712.0,655.0,134,29
facebook,D,35368.0,624.0,211,32
facebook,R,27267.0,500.0,160,36
facebook,D,38532.0,881.0,273,24
facebook,D,19462.0,3528.0,77,8
facebook,D,7880.0,1081.0,106,12
facebook,D,59112.0,426.0,109,5
facebook,D,13041.0,194.0,57,6
facebook,R,13005.0,313.0,81,13
facebook,R,19956.0,363.0,93,5
facebook,R,84784.0,2475.0,236,28
facebook,D,14761.0,1380.0,73,44
facebook,D,5348.0,1910.0,43,11
facebook,R,11381.0,566.0,182,33
facebook,D,15590.0,1354.0,101,15
facebook,D,155269.0,86.0,1645,208
facebook,R,12809.0,502.0,63,9
facebook,R,24184.0,364.0,134,14
facebook,D,14198.0,669.0,117,16
facebook,D,50826.0,1383.0,44,13
facebook,R,14215.0,883.0,109,12
facebook,R,23316.0,776.0,32,7
facebook,D,34874.0,601.0,73,10
facebook,R,27396.0,261.0,179,22
facebook,R,44248.0,343.0,83,13
facebook,R,23838.0,1259.0,103,10
facebook,D,13979.0,574.0,165,12
facebook,D,8485.0,1159.0,58,3
facebook,R,15203.0,520.0,59,11
facebook,R,11360.0,20.0,696,35
facebook,R,293323.0,484.0,2734,317
facebook,R,11861.0,414.0,59,12
facebook,R,58012.0,757.0,209,33
facebook,R,55204.0,1074.0,480,238
facebook,D,53136.0,612.0,119,53
facebook,R,82902.0,511.0,462,141
facebook,D,21007.0,408.0,109,11
facebook,D,405931.0,1131.0,622,77
facebook,R,25348.0,544.0,94,13
facebook,D,39034.0,944.0,98,15
facebook,R,122982.0,385.0,52,8
facebook,R,62041.0,835.0,265,22
facebook,R,12939.0,331.0,132,37
facebook,R,31033.0,707.0,193,54
facebook,R,20060.0,517.0,128,18
facebook,D,639391.0,1525.0,2494,561
facebook,D,35795.0,433.0,79,17
facebook,R,14520.0,1271.0,105,16
facebook,R,55162.0,1087.0,72,19
facebook,R,190082.0,1771.0,1218,455
facebook,R,11307.0,415.0,139,20
facebook,D,22882.0,850.0,122,22
facebook,D,26657.0,1989.0,38,3
facebook,R,39218.0,772.0,175,27
facebook,D,13793.0,1794.0,79,18
facebook,D,36644.0,1255.0,64,11
facebook,D,16832.0,542.0,39,6
facebook,R,6916.0,611.0,66,8
facebook,R,19069.0,553.0,246,31
facebook,R,93679.0,1385.0,298,80
facebook,R,14865.0,774.0,135,11
facebook,D,15585.0,503.0,140,20
facebook,D,41715.0,903.0,23,6
facebook,D,121486.0,1827.0,254,58
facebook,D,11777.0,268.0,73,11
facebook,D,23311.0,438.0,293,39
facebook,D,63527.0,752.0,309,42
facebook,D,37238.0,1429.0,122,25
facebook,R,34299.0,263.0,175,26
facebook,R,20815.0,714.0,140,27
facebook,R,23988.0,657.0,188,21
facebook,R,41364.0,688.0,170,18
facebook,R,23196.0,1068.0,271,66
facebook,R,24058.0,498.0,63,5
facebook,D,35841.0,204.0,163,18
facebook,R,39315.0,114.0,100,24
facebook,D,18240.0,1161.0,37,5
facebook,R,45081.0,930.0,113,24
facebook,D,25644.0,1363.0,137,23
facebook,R,93000.0,590.0,301,70
facebook,R,19266.0,1018.0,103,14
facebook,R,66893.0,1335.0,98,16
facebook,R,30296.0,445.0,69,7
facebook,D,1964929.0,3739.0,2534,354
facebook,D,45434.0,1307.0,76,6
facebook,R,305988.0,462.0,1026,555
facebook,R,39341.0,1377.0,99,17
facebook,D,64540.0,1887.0,268,81
facebook,D,20864.0,1457.0,66,8
facebook,R,29188.0,780.0,238,47
facebook,D,19399.0,682.0,194,18
facebook,D,10613.0,736.0,102,14
facebook,D,22220.0,899.0,192,15
facebook,R,6565.0,1117.0,84,21
facebook,R,52934.0,533.0,481,141
facebook,D,19335.0,1762.0,168,19
facebook,R,74767.0,1016.0,321,43
facebook,R,160550.0,4.0,658,74
facebook,D,47673.0,399.0,65,11
facebook,D,14646.0,124.0,31,5
facebook,R,16479.0,9.0,107,17
facebook,D,19803.0,788.0,22,7
facebook,R,234113.0,432.0,4770,1332
facebook,R,55364.0,630.0,255,54
facebook,R,30679.0,302.0,445,52
facebook,D,63581.0,809.0,409,80
facebook,R,28612.0,630.0,60,9
facebook,D,65805.0,1672.0,144,24
facebook,R,51720.0,1295.0,299,92
facebook,D,111620.0,1029.0,452,55
facebook,R,15565.0,627.0,98,11
facebook,R,10067.0,808.0,182,25
facebook,D,34171.0,508.0,230,55
facebook,D,40093.0,774.0,105,15
facebook,R,58591.0,820.0,715,148
facebook,R,197156.0,2470.0,1389,2346
facebook,D,321596.0,1161.0,2456,204
facebook,D,62133.0,1372.0,56,9
facebook,D,10107.0,258.0,114,30
facebook,R,24745.0,377.0,164,23
facebook,R,63636.0,336.0,318,80
facebook,D,1656738.0,1320.0,8966,1374
facebook,D,116906.0,470.0,316,93
facebook,D,31114.0,1573.0,125,13
facebook,D,28089.0,1665.0,92,8
facebook,D,40128.0,590.0,425,69
facebook,D,480998.0,918.0,1069,111
facebook,D,40101.0,1936.0,35,15
facebook,R,16039.0,760.0,115,8
facebook,R,13027.0,736.0,86,9
facebook,D,98918.0,3656.0,164,177
facebook,D,39558.0,2121.0,137,24
facebook,R,15794.0,906.0,152,20
facebook,R,79221.0,808.0,447,117
facebook,D,19979.0,872.0,139,14
facebook,R,15458.0,1074.0,120,25
facebook,D,38861.0,41.0,172,17
facebook,D,398617.0,31.0,2893,633
facebook,D,11976.0,274.0,103,16
facebook,D,40567.0,273.0,89,8
facebook,R,46467.0,476.0,84,15
facebook,D,110122.0,2824.0,176,38
facebook,D,15623.0,1118.0,48,9
facebook,D,10358.0,731.0,72,6
facebook,D,26764.0,1084.0,77,6
facebook,D,20607.0,542.0,88,8
facebook,D,7602.0,1180.0,44,4
facebook,R,9633.0,386.0,115,17
facebook,D,16225.0,269.0,79,18
facebook,R,15109.0,742.0,75,9
facebook,R,20302.0,385.0,127,22
facebook,D,44722.0,2085.0,98,16
facebook,R,136862.0,789.0,386,66
facebook,R,25803.0,59.0,232,33
facebook,R,401723.0,428.0,607,109
facebook,R,27907.0,665.0,178,44
facebook,D,48035.0,443.0,197,45
facebook,D,11412.0,797.0,75,14
facebook,D,118006.0,944.0,504,112
facebook,R,48292.0,564.0,134,23
facebook,R,46392.0,1027.0,154,15
facebook,D,5430.0,502.0,45,8
facebook,D,37560.0,488.0,224,22
facebook,R,27085.0,1243.0,263,50
facebook,D,7265.0,732.0,51,6
facebook,D,12846.0,2017.0,100,9
facebook,D,6251.0,707.0,57,6
facebook,D,25807.0,1446.0,129,20
facebook,R,9243.0,976.0,105,7
facebook,D,22241.0,1103.0,53,9
facebook,D,109034.0,1694.0,198,33
facebook,D,32876.0,717.0,115,18
facebook,R,261904.0,589.0,525,70
facebook,D,67728.0,1189.0,178,34
facebook,D,2235.0,20.0,164,39
facebook,R,44118.0,735.0,107,12
facebook,D,215229.0,568.0,1482,236
facebook,D,16917.0,466.0,16,4
facebook,D,30068.0,1078.0,92,15
facebook,R,57321.0,1332.0,127,11
facebook,R,30854.0,851.0,38,4
facebook,R,189638.0,776.0,192,67
facebook,R,19829.0,268.0,88,9
facebook,R,51080.0,532.0,177,24
facebook,D,26090.0,1269.0,75,14
facebook,D,24407.0,315.0,72,7
facebook,R,414407.0,1305.0,2704,490
facebook,D,12105.0,298.0,70,8
facebook,D,501219.0,2358.0,705,115
facebook,D,602123.0,1850.0,1932,497
facebook,R,337042.0,233.0,195,30
facebook,R,19086.0,4.0,222,30
facebook,R,14743.0,490.0,63,17
facebook,D,54901.0,1414.0,175,53
facebook,R,168454.0,547.0,1607,612
facebook,D,44544.0,1183.0,118,23
facebook,R,43201.0,321.0,856,201
facebook,D,12311.0,752.0,55,4
facebook,R,155614.0,972.0,706,162
facebook,R,24833.0,635.0,141,49
facebook,R,8537.0,543.0,82,11
facebook,D,221851.0,1289.0,214,36
facebook,R,148073.0,1520.0,439,61
facebook,R,52111.0,1651.0,183,45
facebook,R,68720.0,1528.0,165,35
facebook,D,13402.0,1534.0,70,11
facebook,R,10898.0,781.0,150,41
facebook,D,24245.0,860.0,108,11
facebook,D,10385.0,1030.0,94,10
facebook,R,19854.0,914.0,87,16
facebook,R,5217.0,451.0,58,11
facebook,D,11326.0,1590.0,86,8
facebook,D,9399.0,1697.0,74,10
facebook,D,21301.0,495.0,107,12
facebook,D,20412.0,684.0,166,10
facebook,R,15133.0,359.0,272,61
facebook,D,37596.0,133.0,209,26
facebook,D,10746.0,552.0,92,11
facebook,D,5664.0,154.0,86,10
facebook,R,122160.0,93.0,426,50
facebook,D,40035.0,754.0,58,10
facebook,R,21467.0,981.0,90,15
facebook,R,40655.0,492.0,414,113
facebook,D,12891.0,974.0,117,10
facebook,R,20819.0,1751.0,42,9
facebook,D,13477.0,1658.0,70,11
facebook,D,1357448.0,589.0,6224,1104
facebook,D,594219.0,752.0,1963,441
facebook,D,22696.0,813.0,46,6
facebook,D,26136.0,1405.0,72,24
facebook,D,1243300.0,1253.0,5557,791
facebook,D,5645.0,464.0,31,5
facebook,R,232205.0,299.0,400,44
facebook,D,16816.0,535.0,238,26
facebook,D,22888.0,644.0,102,17
facebook,D,74020.0,1670.0,304,39
facebook,D,33550.0,641.0,180,22
facebook,R,15007.0,117.0,138,77
facebook,R,56834.0,948.0,131,22
facebook,R,2896237.0,448.0,3055,673
facebook,D,12448.0,746.0,22,5
facebook,R,27162.0,874.0,127,35
facebook,D,42669.0,564.0,172,42
facebook,D,36434.0,517.0,66,9
facebook,R,14987.0,346.0,128,21
facebook,R,91403.0,715.0,319,56
facebook,D,11201.0,1788.0,94,10
facebook,D,10411.0,844.0,50,4
facebook,R,14138.0,870.0,85,9
facebook,D,24046.0,717.0,114,8
facebook,D,93845.0,288.0,420,121
facebook,D,101747.0,542.0,555,113
facebook,D,19190.0,1406.0,70,9
facebook,D,15615.0,335.0,133,16
facebook,R,31918.0,479.0,86,10
facebook,R,12503.0,321.0,81,27
facebook,D,18489.0,1206.0,33,7
facebook,D,28749.0,526.0,22,9
facebook,R,23277.0,945.0,88,24
facebook,D,15130.0,572.0,104,12
facebook,D,103841.0,1080.0,300,70
facebook,R,26708.0,419.0,102,22
facebook,R,19869.0,96.0,92,10
facebook,R,58242.0,1030.0,84,19
facebook,D,22664.0,257.0,89,15
facebook,R,28328.0,474.0,32,3
facebook,R,1820290.0,1816.0,727,111
facebook,R,18312.0,575.0,92,22
facebook,D,41681.0,1309.0,128,15
facebook,R,63308.0,347.0,317,81
facebook,D,11826.0,443.0,67,10
facebook,R,20556.0,355.0,69,10
facebook,R,17495.0,1120.0,113,10
facebook,D,31762.0,432.0,195,22
facebook,R,19901.0,271.0,81,12
facebook,D,22408.0,2391.0,95,8
facebook,R,7394.0,421.0,212,35
facebook,R,12722.0,604.0,156,33
facebook,R,13097.0,1179.0,87,9
facebook,R,14899.0,629.0,57,6
facebook,D,18682.0,1324.0,127,13
facebook,R,11782.0,1272.0,88,37
facebook,R,19727988.0,267.0,7211,626
facebook,D,16854.0,576.0,121,13
facebook,D,12945119.0,13015.0,7368,1756
facebook,D,524341.0,2601.0,1147,171
facebook,D,19543.0,150.0,82,21
facebook,R,29480.0,163.0,182,28
facebook,D,18331.0,279.0,15,3
facebook,R,28154.0,118.0,228,20
facebook,D,30426.0,432.0,56,4
facebook,R,17123.0,858.0,83,13
facebook,D,16351.0,642.0,55,5
facebook,R,14993.0,102.0,141,22
facebook,D,115326.0,627.0,606,81
facebook,D,46511.0,723.0,139,22
facebook,R,8578.0,471.0,69,10
facebook,D,606853.0,891.0,3084,454
facebook,D,21378.0,570.0,29,5
facebook,D,9039.0,293.0,36,7
facebook,D,6310.0,761.0,27,3
facebook,D,30969.0,794.0,60,6
facebook,R,7935.0,307.0,24,2
facebook,D,46187.0,361.0,232,40
facebook,R,182118.0,1064.0,1070,295
facebook,D,20045.0,406.0,58,5
facebook,D,53160.0,1775.0,110,11
facebook,R,114651.0,598.0,67,11
facebook,R,146859.0,452.0,747,99
facebook,D,44471.0,1000.0,176,44
facebook,R,13807.0,443.0,62,7
facebook,R,54371.0,217.0,226,41
facebook,D,44011.0,1347.0,85,9
facebook,D,137417.0,3285.0,114,9
facebook,R,24297.0,598.0,187,26
facebook,D,87380.0,1845.0,296,43
facebook,D,33415.0,301.0,87,15
facebook,R,121003.0,620.0,397,79
facebook,R,123132.0,2004.0,721,89
facebook,R,107196.0,177.0,545,195
facebook,R,29285.0,807.0,130,20
facebook,R,11357.0,1112.0,118,17
facebook,D,13849.0,782.0,87,18
facebook,D,27773.0,1300.0,105,10
facebook,D,37021.0,956.0,199,17
facebook,D,7796.0,1642.0,107,11
facebook,D,5114.0,544.0,38,4
facebook,D,21440.0,1202.0,100,8
facebook,D,26314.0,826.0,273,41
facebook,D,28727.0,1994.0,143,10
facebook,R,28646.0,972.0,102,18
facebook,D,27605.0,828.0,87,12
facebook,R,13014.0,1059.0,167,18
facebook,R,8258.0,1785.0,62,6
facebook,R,57405.0,802.0,125,24
facebook,D,11183.0,1624.0,71,5
facebook,D,14287.0,700.0,169,18
facebook,R,199909.0,167.0,571,66
facebook,R,4252.0,7.0,532,24
facebook,D,16210.0,540.0,184,33
facebook,R,19443.0,221.0,112,14
facebook,R,183565.0,356.0,372,80
facebook,D,23360.0,2088.0,70,10
facebook,R,188397.0,343.0,458,50
facebook,R,19718.0,179.0,87,18
facebook,D,108586.0,544.0,428,62
facebook,R,7033.0,582.0,42,9
facebook,D,21615.0,226.0,83,13
facebook,D,27129.0,1206.0,78,31
facebook,R,11947.0,505.0,86,20
facebook,D,57590.0,760.0,161,33
facebook,D,29167.0,1254.0,94,17
facebook,R,108589.0,1673.0,273,30
facebook,R,30221.0,367.0,43,5
facebook,R,18560.0,344.0,102,11
facebook,D,77972.0,695.0,284,36
facebook,D,7503.0,1530.0,49,5
facebook,D,29914.0,968.0,43,6
facebook,D,15746.0,627.0,162,22
facebook,R,20534.0,404.0,91,8
facebook,D,102729.0,489.0,298,44
facebook,D,23723.0,1135.0,152,14
facebook,D,37411.0,599.0,62,16
facebook,D,15256.0,501.0,106,15
facebook,D,86002.0,774.0,360,62
facebook,D,5809.0,320.0,77,10
facebook,D,18075.0,825.0,49,8
facebook,D,9642.0,374.0,43,6
facebook,R,25393.0,951.0,121,15
facebook,D,347661.0,90.0,1794,334
facebook,R,120121.0,696.0,142,28
facebook,D,569980.0,448.0,2380,491
facebook,R,73686.0,599.0,99,10
facebook,R,64043.0,716.0,63,7
facebook,D,363627.0,1324.0,217,54
facebook,R,35083.0,512.0,196,34
facebook,D,23117.0,209.0,187,23
facebook,D,47210.0,1014.0,138,49
facebook,R,30698.0,841.0,101,13
facebook,D,104825.0,668.0,593,73
facebook,R,25628.0,357.0,125,24
facebook,D,19736.0,201.0,33,5
facebook,R,2993.0,28.0,192,13
facebook,R,8465.0,517.0,54,8
facebook,R,37431.0,493.0,98,10
facebook,R,34959.0,1135.0,93,11
facebook,R,12165.0,533.0,73,16
facebook,R,31967.0,668.0,148,25
facebook,R,95176.0,863.0,108,20
facebook,D,6767594.0,6341.0,3853,509
facebook,R,51704.0,953.0,212,39
facebook,R,14818.0,566.0,118,28
facebook,D,19289.0,314.0,71,13
facebook,R,9895.0,1215.0,109,19
facebook,R,6093.0,696.0,67,7
facebook,D,19477.0,1620.0,112,10
facebook,D,9549.0,1158.0,84,12
facebook,R,5351.0,675.0,63,12
facebook,R,20847.0,656.0,149,22
facebook,D,33589.0,285.0,376,49
facebook,R,71077.0,1432.0,140,12
facebook,R,28298.0,492.0,117,22
facebook,R,55181.0,1074.0,395,67
twitter,R,29492.0,590.0,85,38
twitter,R,133668.0,2356.0,135,33
twitter,R,444875.0,2368.0,7506,1703
twitter,R,17779.0,108.0,34,10
twitter,D,23703.0,3196.0,68,16
twitter,D,16409.0,375.0,61,21
twitter,R,24953.0,622.0,128,40
twitter,R,34320.0,1505.0,166,66
twitter,R,18916.0,1147.0,258,89
twitter,D,40631.0,1873.0,85,18
twitter,R,18923.0,2025.0,254,92
twitter,D,26326.0,1283.0,35,6
twitter,D,21175.0,260.0,9,3
twitter,D,68376.0,866.0,225,52
twitter,R,125924.0,2219.0,83,23
twitter,R,60551.0,2737.0,172,65
twitter,D,519473.0,2194.0,967,288
twitter,R,178114.0,287.0,371,119
twitter,D,172230.0,2380.0,180,61
twitter,R,102174.0,1795.0,77,23
twitter,R,236005.0,3246.0,1590,613
twitter,R,31445.0,1264.0,54,25
twitter,D,21185.0,912.0,63,25
twitter,R,32025.0,571.0,16,7
twitter,R,30360.0,473.0,125,46
twitter,R,145670.0,871.0,676,211
twitter,D,349245.0,4658.0,345,82
twitter,D,128102.0,1218.0,980,287
twitter,R,40112.0,1433.0,118,51
twitter,R,25109.0,752.0,31,9
twitter,D,649150.0,2747.0,1159,394
twitter,D,30920.0,2820.0,25,7
twitter,D,51879.0,4352.0,88,28
twitter,R,28783.0,1156.0,60,23
twitter,R,27299.0,1342.0,28,9
twitter,D,23170.0,1835.0,41,11
twitter,D,46342.0,2782.0,48,15
twitter,D,41769.0,1343.0,48,12
twitter,D,4645382.0,4057.0,2726,463
twitter,R,58494.0,4723.0,150,53
twitter,R,17870.0,1410.0,53,21
twitter,D,91990.0,7898.0,532,180
twitter,R,14992.0,714.0,48,15
twitter,D,47827.0,2905.0,293,76
twitter,R,43684.0,751.0,431,149
twitter,R,18240.0,5061.0,33,11
twitter,R,38888.0,3702.0,219,122
twitter,D,33635.0,2054.0,125,49
twitter,R,9992.0,412.0,58,21
twitter,R,195051.0,8598.0,1346,529
twitter,D,18583.0,846.0,118,30
twitter,D,26065.0,1574.0,96,28
twitter,R,22174.0,1366.0,201,71
twitter,R,11946.0,1137.0,17,5
twitter,R,5650.0,383.0,11,3
twitter,D,22736.0,1985.0,26,5
twitter,R,53354.0,5608.0,102,14
twitter,R,34938.0,1443.0,349,117
twitter,R,16512.0,635.0,319,116
twitter,R,23908.0,1447.0,69,24
twitter,D,242341.0,1843.0,82,24
twitter,D,257261.0,1581.0,148,75
twitter,D,104684.0,2089.0,57,18
twitter,R,36648.0,1002.0,88,34
twitter,D,104169.0,1645.0,515,154
twitter,D,29427.0,1660.0,71,17
twitter,R,112140.0,1653.0,89,24
twitter,D,523278.0,940.0,6112,1584
twitter,R,554650.0,828.0,546,100
twitter,R,88723.0,2579.0,122,32
twitter,D,11533.0,7830.0,12,4
twitter,R,25885.0,1371.0,23,9
twitter,R,26789.0,630.0,79,28
twitter,D,5542.0,855.0,8,2
twitter,R,282573.0,8019.0,412,140
twitter,D,22244.0,664.0,17,5
twitter,D,47913.0,1932.0,85,28
twitter,R,25694.0,191.0,76,27
twitter,D,25794.0,924.0,16,5
twitter,D,23458.0,3575.0,22,7
twitter,D,74454.0,1657.0,68,20
twitter,D,74861.0,3470.0,361,123
twitter,D,25989.0,1368.0,18,6
twitter,D,428096.0,2830.0,501,142
twitter,D,53315.0,918.0,154,46
twitter,R,72331.0,2728.0,224,68
twitter,D,59932.0,1277.0,208,87
twitter,D,74496.0,1210.0,214,80
twitter,D,144305.0,5235.0,1577,376
twitter,R,30688.0,1786.0,114,44
twitter,D,161756.0,3274.0,175,49
twitter,D,17094.0,624.0,26,9
twitter,D,278099.0,11311.0,1658,383
twitter,R,20532.0,284.0,10,2
twitter,R,425382.0,1975.0,3938,1470
twitter,R,19048.0,58.0,26,10
twitter,R,364929.0,1923.0,1503,618
twitter,R,35971.0,2137.0,129,47
twitter,D,22699.0,1246.0,30,10
twitter,R,5272289.0,8601.0,4322,1235
twitter,D,84058.0,2572.0,228,66
twitter,R,35794.0,968.0,108,48
twitter,R,15463.0,271.0,115,24
twitter,R,196584.0,845.0,2949,913
twitter,D,10058.0,325.0,41,13
twitter,D,44976.0,1162.0,31,11
twitter,D,13474.0,1933.0,25,7
twitter,D,74274.0,3335.0,47,14
twitter,R,13076.0,1799.0,31,15
twitter,R,10030.0,351.0,208,74
twitter,D,46203.0,4620.0,240,53
twitter,R,20376.0,803.0,77,32
twitter,D,38831.0,2159.0,50,11
twitter,R,1530886.0,1990.0,12687,3239
twitter,D,61312.0,2013.0,163,42
twitter,D,63076.0,1938.0,280,75
twitter,D,25402.0,2539.0,32,10
twitter,D,14553.0,1658.0,29,8
twitter,D,14764.0,1415.0,18,7
twitter,D,36400.0,753.0,99,32
twitter,D,54388.0,1471.0,160,60
twitter,D,47952.0,1296.0,43,12
twitter,D,38351.0,3998.0,37,13
twitter,D,20982.0,1370.0,18,6
twitter,D,681777.0,5653.0,393,134
twitter,D,23610.0,386.0,42,11
twitter,R,62747.0,2098.0,228,137
twitter,D,69320.0,2763.0,345,106
twitter,R,61120.0,1218.0,168,45
twitter,R,64918.0,2135.0,186,59
twitter,R,21181.0,1573.0,58,27
twitter,D,31575.0,1981.0,26,6
twitter,R,64629.0,1153.0,387,96
twitter,R,26580.0,1378.0,26,8
twitter,D,620064.0,3080.0,952,253
twitter,D,18165.0,2748.0,28,7
twitter,D,109698.0,2123.0,493,105
twitter,R,20687.0,1601.0,110,38
twitter,D,148219.0,4859.0,1147,340
twitter,R,10266.0,646.0,25,8
twitter,D,182097.0,1513.0,482,91
twitter,D,42962.0,4212.0,62,11
twitter,D,42563.0,2014.0,544,121
twitter,D,51923.0,1592.0,172,65
twitter,D,47638.0,396.0,49,12
twitter,R,102615.0,532.0,50,15
twitter,R,24114.0,1126.0,22,4
twitter,R,143283.0,3435.0,208,56
twitter,D,20319.0,8341.0,44,18
twitter,D,32516.0,3836.0,47,17
twitter,R,7520.0,897.0,51,15
twitter,D,100043.0,4949.0,328,92
twitter,D,1432611.0,2072.0,1452,430
twitter,R,23146.0,505.0,25,9
twitter,R,28637.0,916.0,168,61
twitter,D,44872.0,1633.0,39,10
twitter,D,49352.0,1240.0,58,25
twitter,R,21303.0,1425.0,83,29
twitter,R,24893.0,4511.0,18,8
twitter,D,33087.0,1708.0,61,15
twitter,R,100503.0,1387.0,164,46
twitter,R,9674.0,483.0,45,14
twitter,R,16537.0,1114.0,23,4
twitter,D,36582.0,1144.0,200,32
twitter,D,30694.0,1528.0,38,8
twitter,R,7765.0,704.0,73,30
twitter,R,47910.0,3.0,9095,1871
twitter,R,1659038.0,2267.0,9095,2255
twitter,R,24770.0,642.0,46,15
twitter,R,614186.0,4083.0,756,246
twitter,R,14783.0,1167.0,55,23
twitter,D,41973.0,1974.0,86,40
twitter,R,322936.0,1075.0,829,282
twitter,D,77871.0,638.0,1127,338
twitter,D,1532737.0,3132.0,1658,303
twitter,R,23876.0,210.0,23,7
twitter,D,34863.0,1784.0,20,7
twitter,R,26104.0,752.0,35,13
twitter,R,166058.0,1508.0,262,117
twitter,R,39291.0,432.0,51,28
twitter,R,114720.0,3298.0,1087,393
twitter,R,33388.0,372.0,77,43
twitter,D,1069080.0,2671.0,3670,844
twitter,D,130157.0,4510.0,343,78
twitter,R,10719.0,1429.0,21,10
twitter,R,18962.0,794.0,13,3
twitter,R,1274871.0,6703.0,5291,1715
twitter,R,26359.0,1503.0,117,65
twitter,D,6847.0,910.0,29,8
twitter,D,18641.0,3407.0,11,2
twitter,R,,14.0,38,9
twitter,D,29878.0,3677.0,49,14
twitter,D,26276.0,2938.0,51,13
twitter,D,64431.0,3971.0,225,70
twitter,R,16598.0,1309.0,85,26
twitter,R,12250.0,1008.0,251,98
twitter,R,51625.0,1962.0,566,220
twitter,R,7491.0,810.0,58,15
twitter,D,16457.0,702.0,33,8
twitter,D,28179.0,1467.0,17,7
twitter,D,135789.0,4080.0,67,26
twitter,D,25585.0,1674.0,14,5
twitter,D,454166.0,702.0,3566,1064
twitter,D,200777.0,1494.0,193,59
twitter,D,110961.0,1640.0,705,172
twitter,R,19667.0,315.0,71,24
twitter,R,19782.0,276.0,301,176
twitter,R,30958.0,1007.0,250,102
twitter,R,24626.0,744.0,20,5
twitter,R,26023.0,1668.0,44,14
twitter,R,105625.0,919.0,97,23
twitter,D,41333.0,873.0,164,41
twitter,R,18422.0,181.0,98,52
twitter,D,23235.0,2518.0,21,7
twitter,R,23961.0,1246.0,71,22
twitter,D,47164.0,5575.0,101,23
twitter,R,68061.0,1794.0,665,246
twitter,R,22280.0,1612.0,56,33
twitter,R,70372.0,687.0,568,179
twitter,R,11797.0,376.0,23,7
twitter,D,4973516.0,6250.0,10278,2262
twitter,D,160441.0,2209.0,43,16
twitter,R,14325.0,447.0,109,41
twitter,R,31667.0,1607.0,88,28
twitter,D,162841.0,4887.0,320,71
twitter,D,73802.0,2183.0,91,19
twitter,R,6410.0,463.0,92,38
twitter,D,24371.0,965.0,101,14
twitter,D,41049.0,1576.0,71,17
twitter,D,161919.0,2224.0,854,198
twitter,R,8100.0,1052.0,17,6
twitter,R,215194.0,3197.0,1585,723
twitter,D,32717.0,1984.0,102,32
twitter,R,83321.0,1375.0,318,98
twitter,R,70253.0,1118.0,79,25
twitter,D,89610.0,3924.0,110,35
twitter,D,34478.0,441.0,52,14
twitter,R,24332.0,8.0,42,11
twitter,D,48407.0,1637.0,88,28
twitter,R,1380944.0,1257.0,27400,9545
twitter,R,45279.0,1084.0,69,26
twitter,R,142317.0,1023.0,366,127
twitter,D,265308.0,915.0,4528,1244
twitter,R,25042.0,1055.0,21,7
twitter,D,368534.0,8520.0,697,166
twitter,R,65665.0,1844.0,757,255
twitter,D,268683.0,1191.0,1383,314
twitter,R,12512.0,972.0,141,42
twitter,R,10494.0,929.0,147,51
twitter,D,24799.0,785.0,43,12
twitter,D,21171.0,345.0,14,3
twitter,R,40983.0,471.0,765,209
twitter,R,122999.0,510.0,636,245
twitter,D,1117581.0,4219.0,3682,697
twitter,D,16986.0,2083.0,30,10
twitter,D,21987.0,255.0,52,17
twitter,R,24284.0,543.0,1299,428
twitter,R,79651.0,654.0,1226,300
twitter,D,894097.0,3074.0,2539,687
twitter,D,49352.0,1240.0,266,64
twitter,D,29268.0,2052.0,22,4
twitter,D,28385.0,1729.0,49,11
twitter,D,225488.0,998.0,287,78
twitter,D,989931.0,703.0,1834,440
twitter,D,36305.0,3001.0,27,10
twitter,R,18317.0,549.0,16,4
twitter,R,10903.0,883.0,86,25
twitter,D,286470.0,8713.0,671,202
twitter,D,71055.0,2302.0,130,36
twitter,R,13042.0,1025.0,72,22
twitter,R,134431.0,863.0,728,219
twitter,D,27758.0,1506.0,40,9
twitter,R,10654.0,1343.0,273,100
twitter,D,202976.0,2676.0,517,192
twitter,D,1165058.0,105.0,22604,4771
twitter,D,68750.0,566.0,390,142
twitter,D,38125.0,998.0,57,14
twitter,R,22069.0,678.0,29,12
twitter,D,302050.0,4941.0,508,144
twitter,D,29557.0,1524.0,12,5
twitter,D,27936.0,1669.0,37,11
twitter,D,23692.0,2565.0,21,7
twitter,D,28728.0,1040.0,20,5
twitter,D,19435.0,1744.0,35,16
twitter,R,31821.0,902.0,388,142
twitter,D,12717.0,348.0,31,8
twitter,R,40786.0,1144.0,21,6
twitter,R,14633.0,429.0,24,8
twitter,D,34614.0,3629.0,44,15
twitter,R,99874.0,1722.0,182,53
twitter,R,34310.0,20560.0,34,13
twitter,R,584688.0,494.0,1159,284
twitter,R,23821.0,874.0,232,89
twitter,D,34154.0,2119.0,46,16
twitter,D,26462.0,1651.0,33,8
twitter,D,1464357.0,6698.0,8539,2464
twitter,R,25681.0,708.0,166,90
twitter,R,17875.0,1121.0,126,42
twitter,D,11404.0,671.0,12,4
twitter,D,102366.0,582.0,330,82
twitter,R,102706.0,2869.0,566,195
twitter,D,24239.0,4223.0,30,12
twitter,D,55566.0,2831.0,117,30
twitter,D,25689.0,1631.0,250,53
twitter,D,126882.0,3279.0,673,204
twitter,R,53856.0,1452.0,256,67
twitter,D,80262.0,7925.0,197,65
twitter,D,231640.0,4816.0,412,106
twitter,D,91709.0,2906.0,584,278
twitter,R,130756.0,3320.0,165,43
twitter,D,194015.0,4214.0,125,67
twitter,D,1277.0,19.0,12,2
twitter,R,110034.0,1324.0,154,42
twitter,D,464120.0,5219.0,240,83
twitter,D,29910.0,1892.0,27,9
twitter,D,38218.0,3197.0,47,16
twitter,R,293326.0,3113.0,117,22
twitter,R,31387.0,945.0,36,14
twitter,R,41464.0,1850.0,70,36
twitter,R,27966.0,35.0,21,13
twitter,R,52447.0,1192.0,60,25
twitter,D,41022.0,2902.0,45,16
twitter,D,39807.0,714.0,35,9
twitter,R,69350.0,158.0,2965,929
twitter,D,29298.0,373.0,23,8
twitter,D,928548.0,4249.0,6014,1723
twitter,D,570021.0,3603.0,1329,496
twitter,R,23493.0,271.0,75,26
twitter,R,21561.0,6.0,113,33
twitter,R,31530.0,1056.0,7,2
twitter,D,199027.0,2165.0,174,38
twitter,R,139202.0,3265.0,847,235
twitter,D,123373.0,2209.0,552,127
twitter,R,597384.0,1944.0,15900,5848
twitter,D,54143.0,4200.0,115,26
twitter,R,25184.0,1213.0,71,26
twitter,R,13079.0,109.0,9,4
twitter,R,18334.0,751.0,242,97
twitter,D,156961.0,3095.0,217,41
twitter,R,159971.0,2060.0,697,193
twitter,R,7028.0,1214.0,55,17
twitter,R,39827.0,1862.0,92,30
twitter,D,16633.0,2128.0,34,9
twitter,R,8665.0,908.0,65,18
twitter,D,34418.0,2125.0,60,16
twitter,D,41174.0,1865.0,314,97
twitter,R,14076.0,821.0,286,99
twitter,R,10864.0,805.0,91,28
twitter,D,8957.0,1988.0,18,4
twitter,D,43187.0,5033.0,83,28
twitter,D,155453.0,1239.0,952,186
twitter,D,34095.0,941.0,64,13
twitter,R,14724.0,296.0,660,242
twitter,D,387009.0,1574.0,3161,974
twitter,D,33494.0,883.0,87,25
twitter,D,36250.0,915.0,18,7
twitter,R,1151316.0,1071.0,11213,4271
twitter,D,13011.0,1289.0,9,3
twitter,R,14747.0,1000.0,16,6
twitter,R,14355.0,684.0,210,74
twitter,D,54254.0,3525.0,167,41
twitter,R,25766.0,3350.0,25,8
twitter,D,25377.0,1939.0,15,4
twitter,D,7241799.0,4527.0,45570,8559
twitter,D,2752292.0,7928.0,9880,1847
twitter,D,41292.0,3285.0,26,11
twitter,D,61773.0,5005.0,222,71
twitter,D,5209170.0,5372.0,13579,3669
twitter,R,170109.0,4088.0,90,31
twitter,D,33644.0,1455.0,186,56
twitter,D,38364.0,2039.0,27,7
twitter,D,138852.0,2240.0,116,34
twitter,D,28432.0,1285.0,44,11
twitter,R,25155.0,84.0,31,25
twitter,R,20754.0,1789.0,50,22
twitter,R,2889986.0,1260.0,9240,2783
twitter,D,21259.0,982.0,15,5
twitter,R,28567.0,733.0,258,104
twitter,D,113315.0,3574.0,276,93
twitter,D,40957.0,3098.0,32,8
twitter,R,21779.0,465.0,23,8
twitter,R,100932.0,1829.0,234,63
twitter,D,12141.0,1986.0,18,4
twitter,D,21805.0,1841.0,39,9
twitter,R,16824.0,917.0,150,49
twitter,D,31016.0,1553.0,125,36
twitter,D,918867.0,6516.0,2249,365
twitter,D,698285.0,1953.0,3366,744
twitter,D,50507.0,2356.0,127,30
twitter,D,97949.0,1022.0,101,39
twitter,R,83251.0,928.0,187,47
twitter,R,18665.0,271.0,26,9
twitter,D,29892.0,2312.0,18,7
twitter,D,33865.0,1871.0,448,111
twitter,R,28938.0,1369.0,14,5
twitter,D,17262.0,1115.0,11,3
twitter,D,142735.0,4638.0,241,54
twitter,R,21832.0,572.0,96,29
twitter,R,97638.0,670.0,91,25
twitter,R,22331.0,731.0,28,8
twitter,D,39732.0,648.0,39,12
twitter,R,36387.0,882.0,17,4
twitter,R,4310538.0,7459.0,1722,780
twitter,R,18007.0,596.0,48,20
twitter,D,24437.0,1290.0,39,9
twitter,R,237853.0,431.0,4196,1518
twitter,D,35991.0,1232.0,149,46
twitter,R,14874.0,572.0,52,18
twitter,R,27455.0,1344.0,43,15
twitter,D,92757.0,4105.0,256,76
twitter,R,10193.0,224.0,39,15
twitter,D,64819.0,3399.0,57,17
twitter,R,11306.0,703.0,168,67
twitter,R,22416.0,893.0,361,150
twitter,R,14303.0,1782.0,75,30
twitter,R,7353.0,745.0,31,7
twitter,D,48193.0,2385.0,136,27
twitter,R,58958.0,20645.0,107,37
twitter,R,2149979.0,984.0,3789,665
twitter,D,91723.0,1423.0,209,59
twitter,D,21801423.0,8234.0,19081,3693
twitter,D,2392599.0,3227.0,7921,2342
twitter,D,40037.0,1061.0,53,17
twitter,R,12733.0,346.0,262,94
twitter,D,33071.0,579.0,26,9
twitter,R,91408.0,654.0,202,53
twitter,D,52350.0,882.0,105,46
twitter,D,38742.0,1105.0,110,31
twitter,R,34181.0,95.0,876,525
twitter,D,178715.0,1189.0,517,124
twitter,D,52126.0,3270.0,71,26
twitter,R,19800.0,620.0,22,6
twitter,D,2713587.0,1266.0,33903,10007
twitter,D,39630.0,1618.0,42,11
twitter,D,23471.0,401.0,7,3
twitter,D,24768.0,2008.0,19,7
twitter,D,27736.0,1669.0,66,18
twitter,R,14203.0,644.0,23,6
twitter,D,174637.0,2148.0,858,253
twitter,R,491522.0,2892.0,7193,2820
twitter,D,28735.0,577.0,36,8
twitter,D,130133.0,3061.0,62,27
twitter,R,30802.0,1017.0,41,14
twitter,R,428280.0,1255.0,1215,301
twitter,D,44671.0,1414.0,108,33
twitter,R,40052.0,557.0,21,6
twitter,R,27709.0,398.0,79,42
twitter,D,30746.0,1095.0,28,8
twitter,D,261973.0,3909.0,245,44
twitter,R,39588.0,934.0,256,91
twitter,D,996642.0,5321.0,7355,1722
twitter,D,348532.0,5887.0,4608,907
twitter,R,43828.0,1178.0,119,41
twitter,R,565562.0,4062.0,1565,467
twitter,R,428532.0,275.0,1086,204
twitter,R,50048.0,1052.0,91,32
twitter,R,13915.0,1141.0,228,69
twitter,D,20793.0,2906.0,27,11
twitter,D,17327.0,773.0,59,25
twitter,D,124095.0,2274.0,177,36
twitter,D,53081.0,4082.0,249,72
twitter,D,43478.0,2497.0,82,29
twitter,D,64367.0,1982.0,110,21
twitter,D,89183.0,1053.0,561,118
twitter,D,82526.0,3854.0,134,32
twitter,R,9588.0,1028.0,43,18
twitter,D,71473.0,1006.0,64,16
twitter,R,11639.0,1128.0,35,12
twitter,R,10201.0,2042.0,54,24
twitter,R,18543.0,812.0,85,35
twitter,D,52118.0,4598.0,120,22
twitter,D,19854.0,851.0,58,14
twitter,R,458702.0,5132.0,680,350
twitter,R,9290.0,17.0,1189,266
twitter,D,17337.0,1190.0,88,25
twitter,R,16655.0,220.0,15,7
twitter,R,101239.0,1179.0,269,83
twitter,D,33341.0,3310.0,58,17
twitter,R,154184.0,487.0,264,83
twitter,R,44347.0,363.0,438,102
twitter,D,131510.0,843.0,169,36
twitter,R,22706.0,1248.0,13,4
twitter,D,46947.0,2889.0,53,14
twitter,D,27977.0,2957.0,9,3
twitter,R,30056.0,771.0,36,22
twitter,D,58534.0,1655.0,274,109
twitter,D,37108.0,2399.0,79,26
twitter,R,147201.0,2311.0,269,82
twitter,R,13666.0,549.0,24,8
twitter,R,6325.0,615.0,40,15
twitter,D,1281549.0,5661.0,3647,770
twitter,D,28059.0,4159.0,51,11
twitter,D,17783.0,2054.0,68,20
twitter,D,28305.0,752.0,56,11
twitter,R,30834.0,1672.0,50,12
twitter,D,181912.0,1804.0,196,67
twitter,D,189165.0,1993.0,523,113
twitter,D,73239.0,5418.0,84,26
twitter,D,16031.0,90.0,40,7
twitter,D,174819.0,1237.0,776,286
twitter,D,24222.0,594.0,64,19
twitter,D,33343.0,1442.0,37,14
twitter,D,17218.0,545.0,13,5
twitter,R,27865.0,608.0,48,12
twitter,D,1333744.0,382.0,21407,5394
twitter,R,111872.0,2060.0,143,58
twitter,D,487860.0,2273.0,1097,418
twitter,R,33564.0,958.0,34,7
twitter,R,36512.0,875.0,27,10
twitter,D,380664.0,2439.0,58,21
twitter,R,20426.0,842.0,53,18
twitter,D,38969.0,354.0,588,136
twitter,D,366018.0,4206.0,685,253
twitter,R,29908.0,1430.0,29,13
twitter,D,485377.0,2097.0,1648,510
twitter,R,26568.0,242.0,40,16
twitter,D,74799.0,1925.0,116,41
twitter,R,25586.0,2143.0,37,13
twitter,R,16705.0,641.0,21,9
twitter,R,32381.0,834.0,136,45
twitter,R,24509.0,1171.0,57,18
twitter,R,20045.0,887.0,79,26
twitter,R,35071.0,1161.0,60,19
twitter,R,18662.0,1455.0,69,25
twitter,D,10106041.0,9051.0,7829,1518
twitter,R,36283.0,2435.0,260,88
twitter,R,15521.0,999.0,39,13
twitter,D,34053.0,2287.0,121,44
twitter,R,39932.0,3199.0,186,86
twitter,R,11812.0,942.0,168,62
twitter,D,49237.0,2936.0,144,38
twitter,D,13566.0,1891.0,35,11
twitter,R,8034.0,897.0,156,66
twitter,R,22251.0,469.0,15,5
twitter,D,47755.0,896.0,773,191
twitter,R,66224.0,2051.0,116,54
twitter,R,39257.0,816.0,275,199
twitter,R,294457.0,2406.0,4626,1672
